URL,Title,Description
https://sprunkin.com/,Sprunkin.Com,Description for Sprunkin.Com
https://sprunki.com/,Sprunki.Com,Description for Sprunki.Com
https://poki.com/en/g/sprunki,Poki.Com,Description for Poki.Com
https://itch.io/games/tag-sprunki,Itch.Io,Description for Itch.Io
https://incredibox-sprunki.fandom.com/wiki/Incredibox_Sprunki_Wiki,Incredibox Sprunki.Fandom.Com,Description for Incredibox Sprunki.Fandom.Com
https://wolf-hal.itch.io/incredibox-sprunki,Wolf Hal.Itch.Io,Description for Wolf Hal.Itch.Io
https://sprunkin.com/game/sprunki-definitive-phase-10/,Sprunkin.Com,Description for Sprunkin.Com
https://sprunki.net/sprunki-phase-1.html,Sprunki.Net,Description for Sprunki.Net
https://www.crazygames.com/game/sprunki-itn,Www.Crazygames.Com,Description for Www.Crazygames.Com
https://spunky.games/sprunki-parodybox,Spunky.Games,Description for Spunky.Games
https://www.roblox.com/games/104592283191153/blocks-to-sprunki,Www.Roblox.Com,Description for Www.Roblox.Com
https://sprunki.art/,Sprunki.Art,Description for Sprunki.Art
https://sprunki.com/sprunki-but-is-modded,Sprunki.Com,Description for Sprunki.Com
https://sprunkigame.net/,Sprunkigame.Net,Description for Sprunkigame.Net
https://www.fnfgo.com/sprunki-phase-11/,Www.Fnfgo.Com,Description for Www.Fnfgo.Com
https://www.amazon.com/TQJOUJOU-Sprunki-Sprunky-Plushies-Birthday/dp/B0DMFKDZKV,Www.Amazon.Com,Description for Www.Amazon.Com
https://www.twoplayergames.org/game/sprunki,Www.Twoplayergames.Org,Description for Www.Twoplayergames.Org
https://sprunkigame.games/,Sprunkigame.Games,Description for Sprunkigame.Games
https://sprunkionline.com/,Sprunkionline.Com,Description for Sprunkionline.Com
https://www.fnfgo.com/sprunki-mods/,Www.Fnfgo.Com,Description for Www.Fnfgo.Com
https://sprunkimods.com/,Sprunkimods.Com,Description for Sprunkimods.Com
https://spunky.games/sprunki-sus,Spunky.Games,Description for Spunky.Games
https://incredibox-sprunki.fandom.com/wiki/Blue,Incredibox Sprunki.Fandom.Com,Description for Incredibox Sprunki.Fandom.Com
https://sprunki.app/,Sprunki.App,Description for Sprunki.App
https://www.deviantart.com/tigeressbird324/art/Sprunki-Vine-A-Not-So-Great-Day-1139905690,Www.Deviantart.Com,Description for Www.Deviantart.Com
https://tvtropes.org/pmwiki/pmwiki.php/VideoGame/Sprunki,Tvtropes.Org,Description for Tvtropes.Org
https://www.miniplay.com/game/sprunki-phase-4,Www.Miniplay.Com,Description for Www.Miniplay.Com
https://incrediboxsprunki.org/online,Incrediboxsprunki.Org,Description for Incrediboxsprunki.Org
https://sprunkigame.com/,Sprunkigame.Com,Description for Sprunkigame.Com
https://sprunki-phase.com/,Sprunki Phase.Com,Description for Sprunki Phase.Com
https://playhop.com/app/391813,Playhop.Com,Description for Playhop.Com
https://sprunkiphase3.com/,Sprunkiphase3.Com,Description for Sprunkiphase3.Com
https://sprunkiscrunklies.comic.studio/,Sprunkiscrunklies.Comic.Studio,Description for Sprunkiscrunklies.Comic.Studio
https://www.snokido.com/game/sprunki-phase-3,Www.Snokido.Com,Description for Www.Snokido.Com
https://incredibox-game.io/incredibox-sprunki,Incredibox Game.Io,Description for Incredibox Game.Io
https://sprunkiincredibox.org/,Sprunkiincredibox.Org,Description for Sprunkiincredibox.Org
https://playminigames.net/tags/sprunki,Playminigames.Net,Description for Playminigames.Net
https://sprunkiy.com/,Sprunkiy.Com,Description for Sprunkiy.Com
https://picrew.me/en/image_maker/2504094,Picrew.Me,Description for Picrew.Me
https://www.y8.com/games/sprunki_incredibox,Www.Y8.Com,Description for Www.Y8.Com
https://www.twoplayergames.org/game/sprunki-phase-6,Www.Twoplayergames.Org,Description for Www.Twoplayergames.Org
https://www.tiktok.com/discover/sprunki-phase-1-vs-sprunki-phase-2,Www.Tiktok.Com,Description for Www.Tiktok.Com
https://sprunkiworld.com/,Sprunkiworld.Com,Description for Sprunkiworld.Com
https://www.yad.com/Sprunki-games,Www.Yad.Com,Description for Www.Yad.Com
https://chromewebstore.google.com/detail/sprunki-phase-5/ifggakfnnfpjcdampkpmapnlfggipihd,Chromewebstore.Google.Com,Description for Chromewebstore.Google.Com
https://sprunki.io/,Sprunki.Io,Description for Sprunki.Io
https://www.wattpad.com/stories/sprunki/hot?locale=en_US,Www.Wattpad.Com,Description for Www.Wattpad.Com
https://sprunkiincredibox.com/remastered/,Sprunkiincredibox.Com,Description for Sprunkiincredibox.Com
https://www.deviantart.com/italytoons2k7/art/Mrs-cherries-sprunki-phase-1-1140006215,Www.Deviantart.Com,Description for Www.Deviantart.Com
https://www.miniplay.com/game/sprunki-mr-fun-computers,Www.Miniplay.Com,Description for Www.Miniplay.Com
https://playhop.com/app/395422,Playhop.Com,Description for Playhop.Com
https://sprunkiscratch.com/,Sprunkiscratch.Com,Description for Sprunkiscratch.Com
https://kbhgames.com/game/sprunki-game-original,Kbhgames.Com,Description for Kbhgames.Com
https://www.snokido.com/game/incredibox-sprunki,Www.Snokido.Com,Description for Www.Snokido.Com
https://incrediboxsprunki.com/mods,Incrediboxsprunki.Com,Description for Incrediboxsprunki.Com
https://wordle2.io/sprunki-phase-10,Wordle2.Io,Description for Wordle2.Io
https://sprunk.app/,Sprunk.App,Description for Sprunk.App
https://spunky.im/sprunki-phase-5/,Spunky.Im,Description for Spunky.Im
https://sprunki-incredibox.org/,Sprunki Incredibox.Org,Description for Sprunki Incredibox.Org
https://incrediboxsprunki.org/sprunki-phase-4,Incrediboxsprunki.Org,Description for Incrediboxsprunki.Org
https://gamaverse.com/fnf-sprunkin-incredibox-sprunki-game/,Gamaverse.Com,Description for Gamaverse.Com
https://www.tiktok.com/discover/%D1%81%D0%BE%D1%87%D0%B5%D1%82%D0%B0%D0%BD%D0%B8%D0%B5-sprunki-5-phase,Www.Tiktok.Com,Description for Www.Tiktok.Com
https://chromewebstore.google.com/detail/sprunki-sinner/dnjndlgcejghbmldcpbcgkonbannffjd,Chromewebstore.Google.Com,Description for Chromewebstore.Google.Com
https://anythingtranslate.com/translators/sprunki-name-translator/,Anythingtranslate.Com,Description for Anythingtranslate.Com
https://sprunkiincredibox.com/,Sprunkiincredibox.Com,Description for Sprunkiincredibox.Com
https://spunky.im/spunky-song/,Spunky.Im,Description for Spunky.Im
https://playminigames.net/game/sprunki-retake,Playminigames.Net,Description for Playminigames.Net
https://sprunki-incredibox.org/game/sprunki-retake,Sprunki Incredibox.Org,Description for Sprunki Incredibox.Org
https://yandex.com/games/app/399570,Yandex.Com,Description for Yandex.Com
https://sprunki.io/sprunki-infected,Sprunki.Io,Description for Sprunki.Io
https://gamerant.com/roblox-sprunki-tower-defense-codes/,Gamerant.Com,Description for Gamerant.Com
https://www.reddit.com/r/Sprunki/comments/1hq2zli/meet_my_sprunki_oc_misty_jade_and_her_phase_2/,Www.Reddit.Com,Description for Www.Reddit.Com
https://www.reddit.com/r/Sprunki/comments/1hpzx7r/guys_is_this_cool/,Www.Reddit.Com,Description for Www.Reddit.Com
https://kbhgames.com/game/sprunki-phase-4,Kbhgames.Com,Description for Kbhgames.Com
https://www.ictnet.es/game/sprunki,Www.Ictnet.Es,Description for Www.Ictnet.Es
https://www.y8.com/games/sprunki_phase_3,Www.Y8.Com,Description for Www.Y8.Com
https://incredibox-sprunki.fandom.com/wiki/Incredibox_Sprunki_Wiki,Incredibox Sprunki.Fandom.Com,Description for Incredibox Sprunki.Fandom.Com
https://sprunki.net/Sprunki-Retake.html,Sprunki.Net,Description for Sprunki.Net
https://sprunkin.com/game/sprunki-definitive-phase-10/,Sprunkin.Com,Description for Sprunkin.Com
https://www.crazygames.com/game/sprunki-itn,Www.Crazygames.Com,Description for Www.Crazygames.Com
https://spunky.games/sprunki-parodybox,Spunky.Games,Description for Spunky.Games
https://sprunki.art/,Sprunki.Art,Description for Sprunki.Art
https://www.gameflare.com/online-game/sprunki-retake-2/,Www.Gameflare.Com,Description for Www.Gameflare.Com
https://www.amazon.com/TQJOUJOU-Sprunki-Sprunky-Plushies-Birthday/dp/B0DMFKDZKV,Www.Amazon.Com,Description for Www.Amazon.Com
https://sprunki.com/sprunki-but-is-modded,Sprunki.Com,Description for Sprunki.Com
https://sprunkigame.net/,Sprunkigame.Net,Description for Sprunkigame.Net
https://www.fnfgo.com/sprunki-mods/,Www.Fnfgo.Com,Description for Www.Fnfgo.Com
https://cocrea.world/@mondaymuncher/Incredibox-Sprunki,Cocrea.World,Description for Cocrea.World
https://www.twoplayergames.org/game/sprunki,Www.Twoplayergames.Org,Description for Www.Twoplayergames.Org
https://sprunkigame.games/,Sprunkigame.Games,Description for Sprunkigame.Games
https://sprunkionline.com/,Sprunkionline.Com,Description for Sprunkionline.Com
https://incredibox-sprunki.fandom.com/wiki/Blue,Incredibox Sprunki.Fandom.Com,Description for Incredibox Sprunki.Fandom.Com
https://spunky.games/sprunki-sus,Spunky.Games,Description for Spunky.Games
https://www.deviantart.com/tigeressbird324/art/Sprunki-Vine-A-Not-So-Great-Day-1139905690,Www.Deviantart.Com,Description for Www.Deviantart.Com
https://gamerant.com/roblox-sprunki-tower-defense-codes/,Gamerant.Com,Description for Gamerant.Com
https://sprunki.app/,Sprunki.App,Description for Sprunki.App
https://incrediboxsprunki.org/online,Incrediboxsprunki.Org,Description for Incrediboxsprunki.Org
https://sprunkigame.com/,Sprunkigame.Com,Description for Sprunkigame.Com
https://sprunkisinneredition.com/,Sprunkisinneredition.Com,Description for Sprunkisinneredition.Com
https://sprunki-phase.com/,Sprunki Phase.Com,Description for Sprunki Phase.Com
